well,explanation,reacton,answer
B1,"Halides like iodobenzene, bromobenzene, chlorobenezene and p-nitroiodobenzene can be used for Suzuki reaction.",Suzuki,"[""All options are suitable""]"
B1,Used as the halogen compound in Suzuki reaction,Suzuki,"[""Required for the reaction""]"
B1,"Aryl halides, such as iodobenzene, bromobenzene, chlorobenzene, and p-nitroiodobenzene can be used in Suzuki reactions.",Suzuki,"[""All options are suitable""]"
B1,"Iodobenzene is used due to its high reactivity as an organohalide, compared to other available halides",Suzuki,"[""Reactivity/rates""]"
B1,"Iodide is a good leaving group, making iodobenzene an ideal choice for this reaction.",Suzuki,"[""Leaving groups""]"
B1,Iodobenzene and bromobenzene are commonly used halides in the Suzuki reaction.,Suzuki,"[""Commonly used""]"
B1,"Iodobenzene is used as it is an aryl halide, which is required for the Suzuki reaction. Bromobenzene and p-nitroiodobenzene can be used as alternatives.",Suzuki,"[""Required for the reaction"", ""All options are suitable""]"
B2,"Bromobenzene, as an organohalide, can pair with the organoboron compound to form the product",Suzuki,"[""Required for the reaction""]"
B1,Iodobenzene (B1) was selected due to its good reactivity in Suzuki reactions.,Suzuki,"[""Reactivity/rates""]"
B1,Iodobenzene chosen because iodine is a better leaving group than bromine,Suzuki,"[""Leaving groups""]"
B2,Chosen as the organohalide species for Suzuki reaction.,Suzuki,"[""Required for the reaction""]"
B1,Reactant in a Suzuki reaction that can be coupled with phenylboronic acid.,Suzuki,"[""Required for the reaction""]"
B1,Iodobenzene has the highest reactivity among the available halides.,Suzuki,"[""Reactivity/rates""]"
B1,Iodobenzene chosen for its higher reactivity compared to bromobenzene and chlorobenzene.,Suzuki,"[""Reactivity/rates""]"
B1,"It is more active in Suzuki coupling than bromo or chlorobenzene. p-nitroiodobenzene could also undergo the reaction, but p-nitro group could somehow interfere with the catalyst.",Suzuki,"[""Reactivity/rates"", ""Side reactions""]"
B1,Multiple aryl halides (B1-B4) are selected that can undergo the Suzuki reaction.,Suzuki,"[""All options are suitable""]"
B2,"An organohalide, Bromobenzene, is required for the Suzuki reaction.",Suzuki,"[""Required for the reaction""]"
B2,Bromobenzene is a suitable halide for Suzuki reactions,Suzuki,"[""Required for the reaction""]"
B2,Bromobenzene is a valid choice for an aryl halide in Suzuki reactions,Suzuki,"[""Required for the reaction""]"
B2,Commonly used halide in Suzuki reaction,Suzuki,"[""Commonly used""]"
B1,"Iodobenzene is an organic halide, which is a key reactant in the Suzuki reaction.",Suzuki,"[""Required for the reaction""]"
B2,"Bromobenzene is chosen due to its higher reactivity compared to chlorobenzene, but lower reactivity than iodobenzene, making it selective.",Suzuki,"[""Reactivity/rates"", ""Higher selectivity""]"
B1,"B1 is iodobenzene, a halide, required for the Suzuki reaction.",Suzuki,"[""Required for the reaction""]"
B2,"Bromobenzene is chosen as the main aryl halide, but other halides can be used as well.",Suzuki,"[""All options are suitable""]"
B2,This reagent is selected for being a more reactive halide species (bromide).,Suzuki,"[""Reactivity/rates""]"
B2,"Bromobenzene is less reactive than iodobenzene, providing controllable reaction conditions",Suzuki,"[""Higher selectivity""]"
B2,reactive aryl halide used in the reaction,Suzuki,"[""Reactivity/rates"", ""Required for the reaction""]"
B1,"Here we have several organohalide compounds, any of these can be used in the Suzuki reaction",Suzuki,"[""All options are suitable""]"
B2,"Aryl halide is a key component in Suzuki reaction, bromobenzene was selected for its high reactivity among available halides.",Suzuki,"[""Reactivity/rates"", ""Required for the reaction""]"
B2,Bromobenzene is used as it is a suitable halide for Suzuki reaction,Suzuki,"[""Required for the reaction""]"
B1,Chosen initially due to its high reactivity; analogs could provide potential reaction options,Suzuki,"[""Reactivity/rates""]"
B1,"halogenated compound, iodobenzene chosen for optimal results",Suzuki,"[""Required for the reaction""]"
B1,"Iodobenzene is chosen as the halide because it is the first available, but bromobenzene, chlorobenzene, or p-nitroiodobenzene could also work.",Suzuki,"[""Availability"", ""All options are suitable""]"
B1,Aryl halides such as iodobenzene and bromobenzene are commonly used in Suzuki reactions. p-nitroiodobenzene can be employed to explore the influence of electron-deficient arenes (B4),Suzuki,"[""Commonly used""]"
B1,These are organohalides available for the reaction. Iodobenzene (B1) is selected as its reactivity is higher than that of bromobenzene (B2) and chlorobenzene (B3),Suzuki,"[""Reactivity/rates""]"
B1,"Iodobenzene has the highest concentration among the organohalides, as the quantity would be enough for the reaction",Suzuki,"[""Availability""]"
B3,Chlorobenzene selected as halogen compound.,Suzuki,"[""Required for the reaction""]"
B1,All options are aryl halides hence can be used in Suzuki reaction.,Suzuki,"[""All options are suitable""]"
B1,"Iodobenzene is selected because aryl halides are usually involved in Suzuki reactions as well. Other halides in the same group include bromobenzene, chlorobenzene, and p-nitroiodobenzene.",Suzuki,"[""Required for the reaction""]"
B1,Iodobenzene chosen as a representative aryl halide; alternatives can be used,Suzuki,"[""All options are suitable""]"
B1,Halides like iodobenzene (in well B1) and bromobenzene (in well B2) are typically used in Suzuki reactions,Suzuki,"[""Commonly used""]"
B1,"Iodobenzene (B1) can be our selected halide, but for optimization purposes, we could also use bromobenzene (B2), chlorobenzene (B3), and p-nitroiodobenzene (B4).",Suzuki,"[""All options are suitable""]"
B1,Iodobenzene is chosen for its high reactivity. Bromobenzene is less reactive and p-nitroiodobenzene has an electron withdrawing group which makes it less reactive.,Suzuki,"[""Reactivity/rates""]"
B1,Most reactive halogenated arene due to the largest atomic size of iodine,Suzuki,"[""Reactivity/rates""]"
B2,Bromobenzene was selected among other halides due to its reactivity and availability in our compound library.,Suzuki,"[""Reactivity/rates"", ""Availability""]"
B2,"Bromobenzene, being an aryl halide, is a suitable partner for the phenylboronic acid in the Suzuki reaction.",Suzuki,"[""Required for the reaction""]"
B1,Iodobenzene is selected as it is an aryl halide required for the Suzuki reaction.,Suzuki,"[""Required for the reaction""]"
B1,"One of the reactants in Suzuki reaction would typically be a halide. Iodobenzene has been chosen here as it is available in the stock. Bromobenzene, chlorobenzene, and p-nitroiodobenzene would also work in this reaction.",Suzuki,"[""Availability"", ""All options are suitable""]"
B1,iodobenzene is the most reactive halide available,Suzuki,"[""Reactivity/rates""]"
B1,Iodobenzene is typically used in Suzuki reactions due to its reactivity.,Suzuki,"[""Reactivity/rates""]"
B1,"Iodobenzene, Bromobenzene, and p-Nitroiodobenzene are all suitable aryl halides",Suzuki,"[""All options are suitable""]"
B2,More reactive organohalide,Suzuki,"[""Reactivity/rates""]"
B2,This compound is being used as the aryl halide in the Suzuki reaction.,Suzuki,"[""Required for the reaction""]"
B2,Preferred organohalide due to reasonable activity level and safety factor,Suzuki,"[""Reactivity/rates"", ""Commonly used""]"
B1,Iodobenzene is a typical substrate used in Suzuki reactions.,Suzuki,"[""Commonly used""]"
B1,Iodobenzene was selected due to its higher reactivity compared to other halides.,Suzuki,"[""Reactivity/rates""]"
B1,"Iodobenzene is the most reactive organohalide available. Other options, bromobenzene and chlorobenzene might also react, albeit less efficiently. p-Nitroiodobenzene can be used as the nitro group might decrease the reactivity of the iodobenzene.",Suzuki,"[""Reactivity/rates""]"
B1,Iodobenzene is more reactive in comparison to others because of the oxidation potentials.,Suzuki,"[""Reactivity/rates""]"
B1,"Halides like iodobenzene, bromobenzene, chlorobenezene and p-nitroiodobenzene can be used for Sonogashira reaction.",Sonogashira,"[""All options are suitable""]"
B1,Used as the halogen compound in Sonogashira reaction,Sonogashira,"[""Required for the reaction""]"
B1,"Aryl or vinyl halides, such as iodobenzene, bromobenzene, chlorobenzene, and p-nitroiodobenzene can be used in Sonogashira reactions.",Sonogashira,"[""All options are suitable""]"
B1,"Iodobenzene is used due to its high reactivity as a halide, compared to other available halides",Sonogashira,"[""Reactivity/rates""]"
B1,"Iodobenzene can undergo the Sonogashira reaction, providing a reliable pathway to the desired product.",Sonogashira,"[""Required for the reaction""]"
B1,Iodobenzene and bromobenzene are commonly used halides in the Sonogashira reaction.,Sonogashira,"[""Commonly used""]"
B1,"Iodobenzene is used as it is an aryl halide, which is required for the Sonogashira reaction. Bromobenzene and p-nitroiodobenzene can be used as alternatives.",Sonogashira,"[""Required for the reaction"", ""All options are suitable""]"
B1,Iodobenzene is used as the aryl halide in Sonogashira reactions,Sonogashira,"[""Required for the reaction""]"
B1,Iodobenzene chosen because iodine is a better leaving group than bromine,Sonogashira,"[""Leaving groups""]"
B1,Chosen as the organohalide species.,Sonogashira,"[""Required for the reaction""]"
B1,Reactant in a Sonogashira reaction that can be coupled with phenylacetylene.,Sonogashira,"[""Required for the reaction""]"
B1,Iodobenzene has the highest reactivity among the available halides.,Sonogashira,"[""Reactivity/rates""]"
B1,Chose iodobenzene for its higher reactivity compared to bromobenzene. Not using p-nitroiodobenzene as it may produce more side reactions.,Sonogashira,"[""Reactivity/rates"", ""Side reactions""]"
B1,"Iodobenzene is a more reactive halide compared to others. p-nitroiodobenzene could also undergo the reaction, but p-nitro group could somewhat interfere with the catalyst.",Sonogashira,"[""Reactivity/rates"", ""Side reactions""]"
B1,Multiple aryl halides (B1-B4) are selected that can undergo the Sonogashira reaction.,Sonogashira,"[""All options are suitable""]"
B2,"An organohalide, Bromobenzene, is required for the Sonogashira reaction.",Sonogashira,"[""Required for the reaction""]"
B1,Iodobenzene is a suitable halide for Sonogashira reactions,Sonogashira,"[""Required for the reaction""]"
B2,Bromobenzene can react as an aryl halide in Sonogashira reactions,Sonogashira,"[""Required for the reaction""]"
B2,Commonly used halide in Sonogashira reaction,Sonogashira,"[""Commonly used""]"
B1,"Iodobenzene is an aryl halide, which is key reactant in the Sonogashira reaction. Bromobenzene (B2), chlorobenzene (B3), and p-nitroiodobenzene (B4) are other aryl halides which could also be used in the Sonogashira reaction.",Sonogashira,"[""All options are suitable""]"
B1,Iodobenzene is chosen due to its high reactivity and availability.,Sonogashira,"[""Reactivity/rates"", ""Availability""]"
B1,"B1 is iodobenzene, a halide, needed in Sonogashira reaction.",Sonogashira,"[""Required for the reaction""]"
B1,"Iodobenzene is chosen as the typical aryl halide, but other halides may also be used.",Sonogashira,"[""Commonly used""]"
B1,"Iodide is the most reactive halide species, thus iodobenzene is the chosen organohalide reagent.",Sonogashira,"[""Reactivity/rates""]"
B2,reactive aryl halide used in the reaction,Sonogashira,"[""Reactivity/rates""]"
B1,"Here we have several organohalide compounds, any of these can be used in the Sonogashira reaction",Sonogashira,"[""All options are suitable""]"
B2,"Aryl halide is a key component in Sonogashira reaction, bromobenzene was selected for its high reactivity among available halides.",Sonogashira,"[""Reactivity/rates"", ""Required for the reaction""]"
B1,Iodobenzene is used as it is a suitable halogen compound for Sonogashira reaction,Sonogashira,"[""Required for the reaction""]"
B1,Chosen initially due to its high reactivity; analogs could provide potential reaction options,Sonogashira,"[""Reactivity/rates""]"
B2,"halogenated compound, bromobenzene chosen for optimal results",Sonogashira,"[""Required for the reaction""]"
B1,"Iodobenzene is chosen as the halide because it is the first available, but bromobenzene, chlorobenzene, or p-nitroiodobenzene could also work.",Sonogashira,"[""Availability"", ""All options are suitable""]"
B1,"Iodide is generally more reactive in Sonogashira reaction, bromide can be used as a less reactive counterpart",Sonogashira,"[""Reactivity/rates""]"
B1,These are the organohalides available for the reaction. Iodobenzene (B1) is selected as its reactivity is higher as compared to bromobenzene (B2) and chlorobenzene (B3),Sonogashira,"[""Reactivity/rates""]"
B1,"Iodobenzene has the highest concentration among the organohalides, as the quantity would be enough for the reaction",Sonogashira,"[""Availability""]"
B1,Iodobenzene as halogen compound for reaction with terminal alkyne.,Sonogashira,"[""Required for the reaction""]"
B1,All options are aryl halides hence can be used in Sonogashira reaction.,Sonogashira,"[""All options are suitable""]"
B1,"Iodobenzene is chosen as the halide because they are most commonly used in Sonogashira reactions. The halide group includes: bromobenzene, chlorobenzene, and p-nitroiodobenzene.",Sonogashira,"[""Commonly used""]"
B1,Iodobenzene chosen as a representative aryl halide; alternatives can be used,Sonogashira,"[""All options are suitable""]"
B1,Halides like iodobenzene (in well B1) and bromobenzene (in well B2) are typically used in Sonogashira reactions,Sonogashira,"[""Commonly used""]"
B1,"We can use different halides for optimization purposes, similar to the Suzuki reaction.",Sonogashira,"[""Required for the reaction""]"
B1,Iodobenzene is chosen for its reactivity. Bromobenzene and chlorobenzene are less reactive but should also work in this reaction.,Sonogashira,"[""Reactivity/rates""]"
B1,High reactivity in Sonogashira reactions,Sonogashira,"[""Reactivity/rates""]"
B1,Iodobenzene was selected among other halides due to its reactivity in Sonogashira coupling.,Sonogashira,"[""Reactivity/rates""]"
B1,"Iodobenzene, being an aryl halide, will couple with the terminal alkyne through the Sonogashira reaction",Sonogashira,"[""Required for the reaction""]"
B1,Iodobenzene is selected as it is an aryl halide required for the Sonogashira reaction.,Sonogashira,"[""Required for the reaction""]"
B1,"One of the reactants in a Sonogashira reaction would typically be a halide. Iodobenzene has been chosen here as it is available in the stock. Bromobenzene, chlorobenzene, and p-nitroiodobenzene would also work in this reaction.",Sonogashira,"[""Availability"", ""All options are suitable""]"
B1,iodobenzene is the most reactive halide available,Sonogashira,"[""Reactivity/rates""]"
B1,Iodobenzene is typically used in Sonogashira reactions due to its reactivity.,Sonogashira,"[""Reactivity/rates""]"
B1,"Iodobenzene, Bromobenzene, and p-Nitroiodobenzene are all suitable aryl halides",Sonogashira,"[""All options are suitable""]"
B1,More reactive aryl halide,Sonogashira,"[""Reactivity/rates""]"
B1,This compound is being used as the aryl halide component in the Sonogashira reaction.,Sonogashira,"[""Required for the reaction""]"
B2,Preferred organohalide due to reasonable activity level and safety factor,Sonogashira,"[""Reactivity/rates""]"
B1,Iodobenzene is a typical substrate used in Sonogashira reactions.,Sonogashira,"[""Commonly used""]"
B1,Iodobenzene was selected due to its higher reactivity compared to other halides.,Sonogashira,"[""Reactivity/rates""]"
B4,"Given the reagents available, p-nitroiodobenzene can be used as iodine is the leaving group. Other options, bromobenzene and chlorobenzene might also react, albeit less efficiently.",Sonogashira,"[""Leaving groups""]"
