experiment_id,reagent_id,selected_well,analog_wells,justification
0,0,A1,[],Phenylacetylene is required as the terminal alkyne component for the Sonogashira reaction.
0,1,B1,"['B2', 'B3', 'B4']","Halides like iodobenzene, bromobenzene, chlorobenezene and p-nitroiodobenzene can be used for Sonogashira reaction."
0,2,C1,['C2'],Palladium catalyst is mandatory for Sonogashira reaction. Both Pd(PPh3)2Cl2 and PEPPSI-IPr can be used.
0,3,D1,['D2'],A base is required for the Sonogashira reaction. Both triethylamine and DBU are satisfactory bases.
1,0,A1,[],Used as the alkyne in Sonogashira reaction
1,1,B1,"['B2', 'B3', 'B4']",Used as the halogen compound in Sonogashira reaction
1,2,C1,['C2'],Used as the Palladium catalyst in Sonogashira reaction
1,3,D1,['D2'],Used as the base in Sonogashira reaction
2,0,A1,[],Phenylacetylene is a terminal alkyne and commonly used reagent in Sonogashira reactions.
2,1,B1,"['B2', 'B3', 'B4']","Aryl or vinyl halides, such as iodobenzene, bromobenzene, chlorobenzene, and p-nitroiodobenzene can be used in Sonogashira reactions."
2,2,C1,['C2'],"Palladium catalysts, like Pd(PPh3)2Cl2, are commonly used in the Sonogashira reaction."
2,3,D1,['D2'],"The base, triethylamine, is required in the Sonogashira reaction. DBU can potentially be used as an alternate base."
3,0,B1,"['B2', 'B3', 'B4']","Iodobenzene is used due to its high reactivity as a halide, compared to other available halides"
3,1,A1,[],Phenylacetylene is used as it's the only terminal alkyne available
3,2,C1,['C2'],"Pd(PPh3)2Cl2 is chosen as the catalyst, for consistency with the Suzuki reaction, and because the setup doesn't have a copper cocatalyst"
3,3,D1,['D2'],"Triethylamine is chosen as the base due to its more general use in the Sonogashira reaction, compared to DBU, even though oftentimes a base isn't used in these reactions"
4,0,A1,[],Phenylacetylene is required for the Sonogashira reaction.
4,1,B1,"['B2', 'B3', 'B4']","Iodobenzene can undergo the Sonogashira reaction, providing a reliable pathway to the desired product."
4,2,C1,['C2'],Pd(PPh3)2Cl2 is a commonly used catalyst in Sonogashira reactions.
4,3,D1,['D2'],Triethylamine can deprotonate phenylacetylene and create a suitable environment for the Sonogashira reaction to occur.
4,4,E1,[],DMF is used as a solvent for this reaction.
5,0,A1,[],Phenylacetylene is a common alkyne used in Sonogashira reactions.
5,1,B1,"['B2', 'B3', 'B4']",Iodobenzene and bromobenzene are commonly used halides in the Sonogashira reaction.
5,2,C1,['C2'],Pd(PPh3)2Cl2 and PEPPSI-IPr (C2) can be used as catalysts for the Sonogashira reaction.
5,3,D1,[],Triethylamine is a common base used in the reaction.
6,0,A1,[],Phenylacetylene is a commonly used terminal alkyne in Sonogashira reactions
6,1,B1,"['B2', 'B4']","Iodobenzene is used as it is an aryl halide, which is required for the Sonogashira reaction. Bromobenzene and p-nitroiodobenzene can be used as alternatives."
6,2,C1,['C2'],Pd(PPh3)2Cl2 is a commonly used catalyst in Sonogashira reactions. PEPPSI-IPr can be used as an alternative.
6,3,D1,['D2'],Triethylamine is a commonly used base in Sonogashira reactions. DBU can be used as an alternative.
7,0,B1,"['B2', 'B4']",Iodobenzene is used as the aryl halide in Sonogashira reactions
7,1,A1,[],Phenylacetylene is the required alkyne for the Sonogashira reactions
7,2,C1,['C2'],Pd(PPh3)2Cl2 is a common catalyst used in the Sonogashira reactions
7,3,D1,['D2'],Triethylamine is commonly used in literature
7,4,E1,[],DMF is a solvent suitable for Sonogashira reactions
8,0,B1,['B2'],Iodobenzene chosen because iodine is a better leaving group than bromine
8,1,A1,[],Phenylacetylene is required for the Sonogashira reaction
8,2,C1,['C2'],Pd(PPh3)2Cl2 chosen since it is a traditionally used catalyst for Sonogashira reactions
8,3,D1,['D2'],Triethylamine chosen due to lower steric hindrance compared to DBU
9,0,B1,[],Chosen as the organohalide species.
9,1,A1,[],Chosen as the alkyne species.
9,2,C1,[],Chosen as the palladium catalyst.
9,3,D1,[],Selected as the base.
9,4,E1,[],It is the solvent.
10,0,B1,['B2'],Reactant in a Sonogashira reaction that can be coupled with phenylacetylene.
10,1,A1,[],Reactant in a Sonogashira reaction that can be coupled with iodobenzene or bromobenzene.
10,2,C1,['C2'],"Palladium catalyst for the Sonogashira reaction, commonly used and reliable."
10,3,D1,['D2'],Base to remove the halogen from the halide and activate the carbon for cross-coupling.
11,0,A1,[],Phenylacetylene is the only available terminal alkyne.
11,1,B1,"['B2', 'B4']",Iodobenzene has the highest reactivity among the available halides.
11,2,C1,['C2'],Pd(PPh3)2Cl2 is a commonly used catalyst for Sonogashira reactions.
11,3,D1,['D2'],Triethylamine is suitable as a general base in this reaction.
12,0,C1,[],Pd(PPh3)2Cl2 is commonly used as a catalyst in Sonogashira reactions.
12,1,A1,[],Phenylacetylene is a typical alkyne used in Sonogashira reactions.
12,2,B1,['B2'],Chose iodobenzene for its higher reactivity compared to bromobenzene. Not using p-nitroiodobenzene as it may produce more side reactions.
12,3,D2,[],DBU is commonly used as a base in Sonogashira reactions.
13,0,A1,[],Phenylacetylene is the only alkyne we have
13,1,B1,"['B2', 'B3', 'B4']","Iodobenzene is a more reactive halide compared to others. p-nitroiodobenzene could also undergo the reaction, but p-nitro group could somewhat interfere with the catalyst."
13,2,C2,['C1'],"To get an efficient yield, using PEPPSI-IPr seems to be an effective choice."
13,3,D2,['D1'],DBU is often used in coupling reactions and seems to be a good fit for Sonogashira reaction.
14,0,A1,[],Phenylacetylene is selected as it typically undergoes Sonogashira coupling as a terminal alkyne
14,1,B1,"['B2', 'B3', 'B4']",Multiple aryl halides (B1-B4) are selected that can undergo the Sonogashira reaction.
14,2,C1,['C2'],"Pd(PPh3)2Cl2 is a commonly used catalyst in Sonogashira reaction, also PEPPSI-IPr is preferred in copper-free variant."
14,3,D1,['D2'],"Triethylamine is selected as the base, DBU can be an alternative."
15,0,A1,['A1'],"Phenylacetylene, a terminal alkyne, is required for the Sonogashira reaction."
15,1,B2,"['B1', 'B2', 'B3', 'B4']","An organohalide, Bromobenzene, is required for the Sonogashira reaction."
15,2,C1,"['C1', 'C2']",A Palladium catalyst is required for the Sonogashira reaction.
16,0,A1,[],Phenylacetylene is the primary reagent for Sonogashira reactions
16,1,B1,[],Iodobenzene is a suitable halide for Sonogashira reactions
16,2,C1,[],Pd(PPh3)2Cl2 is a suitable catalyst for Sonogashira reactions
16,3,D1,[],Triethylamine is a suitable base for Sonogashira reactions
17,0,C1,['C2'],Pd(PPh3)2Cl2 can be used as a catalyst in Sonogashira reactions
17,1,D2,['D1'],DBU is a strong organic base and is compatible with Sonogashira reaction conditions
17,2,B2,"['B1', 'B3', 'B4']",Bromobenzene can react as an aryl halide in Sonogashira reactions
17,3,A1,[],Phenylacetylene is commonly used as a terminal alkyne in Sonogashira reactions
18,0,B2,[],Commonly used halide in Sonogashira reaction
18,1,A1,[],Usual alkyne for Sonogashira reaction
18,2,C1,['C2'],Commonly used catalyst in Sonogashira reaction
18,3,D1,['D2'],Commonly used base in Sonogashira reaction
19,0,A1,[],"Phenylacetylene is an alkyne, which is a key reactant in the Sonogashira reaction."
19,1,B1,"['B2', 'B3', 'B4']","Iodobenzene is an aryl halide, which is key reactant in the Sonogashira reaction. Bromobenzene (B2), chlorobenzene (B3), and p-nitroiodobenzene (B4) are other aryl halides which could also be used in the Sonogashira reaction."
19,2,C1,['C2'],"Pd(PPh3)2Cl2 is a palladium catalyst, which is necessary for the Sonogashira reaction."
19,3,D1,['D2'],Triethylamine is an amine and necessary for the Sonogashira reaction.
20,0,A1,[],Phenylacetylene is the only available terminal alkyne.
20,1,B1,"['B2', 'B3', 'B4']",Iodobenzene is chosen due to its high reactivity and availability.
20,2,C2,['C1'],PEPPSI-IPr is a palladium catalyst that is effective in copper-free Sonogashira reactions.
20,3,D1,['D2'],Triethylamine is chosen due to its common use as a base in this reaction.
21,0,A1,['A2'],"A1 is phenylacetylene, a terminal alkyne, necessary for Sonogashira reaction."
21,1,B1,"['B2', 'B3', 'B4']","B1 is iodobenzene, a halide, needed in Sonogashira reaction."
21,2,C1,[],"C1 is Pd(PPh3)2Cl2, a palladium catalyst, which is required for the Sonogashira reaction."
21,3,D1,['D2'],"D1 is triethylamine, used as a base in the Sonogashira reaction."
22,0,A1,[],Phenylacetylene is chosen as it is typically used as an alkyne in Sonogashira reactions.
22,1,B1,"['B2', 'B3', 'B4']","Iodobenzene is chosen as the typical aryl halide, but other halides may also be used."
22,2,C2,['C1'],"PEPPSI-IPr is chosen as the catalyst owing to its common use in Sonogashira reactions, but Pd(PPh3)2Cl2 could also be used."
22,3,D2,['D1'],DBU is chosen as it is a commonly used base in Sonogashira reactions.
23,0,B1,"['B2', 'B3', 'B4']","Iodide is the most reactive halide species, thus iodobenzene is the chosen organohalide reagent."
23,1,A1,[],Phenylacetylene is chosen for being a typical alkyne for Sonogashira reactions.
23,2,C2,['C1'],This catalyst is chosen because it can form the necessary active Pd species for Sonogashira reactions.
23,3,D1,['D2'],Triethylamine is used as it is a common base for this reaction and it has higher concentration in our lab.
24,0,A1,[],used as terminal alkyne in Sonogashira reaction
24,1,B2,"['B1', 'B3', 'B4']",reactive aryl halide used in the reaction
24,2,C1,[],serves as catalyst in the reaction
24,3,D1,[],serves as a base in the reaction
25,0,A1,[],Phenylacetylene is the alkyne needed here
25,1,B1,"['B2', 'B3', 'B4']","Here we have several organohalide compounds, any of these can be used in the Sonogashira reaction"
25,2,C1,['C2'],"Palladium catalyst is needed for Sonogashira reaction. Here we are using Pd(PPh3)2Cl2, while PEPPSI-IPr could be potentially used as well"
25,3,D1,['D2'],We are using triethylamine as the base in this Sonogashira reaction
26,0,A1,"['B1', 'B2', 'B3', 'B4']",Phenylacetylene is used as this is a reagent used in Sonogashira reactions and is necessary for the formation of the product.
26,1,C1,['C2'],Pd(PPh3)2Cl2 is chosen as it is a typical catalyst used in Sonogashira reactions.
26,2,D1,[],Triethylamine is used as it is a common base in Sonogashira reactions.
27,0,B2,"['B1', 'B3', 'B4']","Aryl halide is a key component in Sonogashira reaction, bromobenzene was selected for its high reactivity among available halides."
27,1,A1,[],"Phenylacetylene was selected as it's the only available alkyne, which is required for Sonogashira coupling."
27,2,C1,['C2'],Pd(PPh3)2Cl2 was selected as it's a commonly used palladium catalyst in Sonogashira reactions.
27,3,D1,['D2'],Triethylamine was selected as it is a common base used in such reactions.
28,0,B1,[],Iodobenzene is used as it is a suitable halogen compound for Sonogashira reaction
28,1,A1,[],Phenylacetylene is used as it is a key reagent for Sonogashira reaction
28,2,C1,[],Pd(PPh3)2Cl2 is commonly used as a catalyst in Sonogashira reaction
28,3,D1,[],Triethylamine is commonly used as a base in Sonogashira reaction
29,0,A1,[],Phenylacetylene can provide the terminal alkyne for the Sonogashira reaction
29,1,B1,"['B2', 'B3', 'B4']",Chosen initially due to its high reactivity; analogs could provide potential reaction options
29,2,C1,[],This palladium catalyst is standard for the Sonogashira reaction
30,0,A1,[],"alkyne, phenylacetylene, required for Sonogashira reaction"
30,1,B2,"['B1', 'B3', 'B4']","halogenated compound, bromobenzene chosen for optimal results"
30,2,C2,['C1'],"palladium catalyst, PEPPSI-IPr chosen for optimal results"
30,3,D2,['D1'],"base, DBU chosen for optimal results"
31,0,A1,[],Phenylacetylene is required for the Sonogashira reaction. No other alkynes are available.
31,1,B1,"['B2', 'B3', 'B4']","Iodobenzene is chosen as the halide because it is the first available, but bromobenzene, chlorobenzene, or p-nitroiodobenzene could also work."
31,2,C1,['C2'],"Pd(PPh3)2Cl2 is chosen as the catalyst since it is traditionally used in Sonogashira reactions, but the NHC-Pd complex, PEPPSI-IPr, could also work."
31,3,D1,['D2'],"Triethylamine (base) is chosen because it is the first available, but DBU could also work."
32,0,A1,[],Only available alkyne
32,1,C1,[],Pd(PPh3)2Cl2 is a common catalyst for Sonogashira reactions
32,2,D1,['D2'],"Although not always required, a base can be used in a Sonogashira coupling"
32,3,B1,"['B2', 'B4']","Iodide is generally more reactive in Sonogashira reaction, bromide can be used as a less reactive counterpart"
32,4,E1,[],DMF is a common solvent for Sonogashira reaction
33,0,C1,['C2'],This is a common Pd(0) catalyst used in Sonogashira reactions
33,1,B1,"['B2', 'B3']",These are the organohalides available for the reaction. Iodobenzene (B1) is selected as its reactivity is higher as compared to bromobenzene (B2) and chlorobenzene (B3)
33,2,A1,[],Phenylacetylene is a common terminal alkyne used in Sonogashira reactions.
33,3,D1,['D2'],Triethylamine (D1) is a common base used in Sonogashira reactions.
34,0,A1,[],Phenylacetylene is a required reagent for the Sonogashira reaction
34,1,B1,"['B2', 'B3', 'B4']","Iodobenzene has the highest concentration among the organohalides, as the quantity would be enough for the reaction"
34,2,C1,['C2'],Pd(PPh3)2Cl2 is also a typical catalyst for the Sonogashira reaction
34,3,D1,['D2'],"Triethylamine is a weaker base compared to DBU, it can be used as the base for Sonogashira reaction"
35,0,A1,['A1'],Phenylacetylene selected as terminal alkyne.
35,1,B1,['B1'],Iodobenzene as halogen compound for reaction with terminal alkyne.
35,2,C2,['C2'],PEPPSI-IPr is selected as the palladium catalyst.
35,3,D2,['D2'],DBU is chosen as the base.
36,0,A1,[],Only available alkyne from the list.
36,1,B1,"['B2', 'B3', 'B4']",All options are aryl halides hence can be used in Sonogashira reaction.
36,2,C1,['C2'],"Both compounds are palladium complexes, hence can serve as catalysts."
36,3,D1,['D2'],"Both triethylamine and DBU can serve as bases, hence can be used interchangeably."
37,0,A1,[],"Phenylacetylene is the terminal alkyne used in Sonogashira reactions. For this coupling, it's the only available alkyne."
37,1,B1,"['B2', 'B3', 'B4']","Iodobenzene is chosen as the halide because they are most commonly used in Sonogashira reactions. The halide group includes: bromobenzene, chlorobenzene, and p-nitroiodobenzene."
37,2,C1,['C2'],Pd(PPh3)2Cl2 is a common palladium catalyst used in Sonogashira reactions. An alternative could be the PEPPSI-IPr.
37,3,D1,['D2'],Triethylamine or DBU could be used as a base in Sonogashira reactions.
38,0,A1,[],Phenylacetylene is used as it can couple with aryl halides in a Sonogashira reaction
38,1,B1,"['B2', 'B3', 'B4']",Iodobenzene chosen as a representative aryl halide; alternatives can be used
38,2,C1,['C2'],"Pd(PPh3)2Cl2 used as palladium catalyst, alternative could be PEPPSI-IPr"
38,3,D1,['D2'],"Triethylamine used as base, alternative could be DBU"
39,0,A1,[],Terminal alkynes like phenylacetylene (in well A1) are typically used in Sonogashira reactions
39,1,B1,['B2'],Halides like iodobenzene (in well B1) and bromobenzene (in well B2) are typically used in Sonogashira reactions
39,2,C1,['C2'],Palladium catalysts like Pd(PPh3)2Cl2 (in well C1) and PEPPSI-IPr (in well C2) are typically used in Sonogashira reactions
39,3,D1,['D2'],Bases like triethylamine (in well D1) and DBU (in well D2) are typically used in Sonogashira reactions
40,0,A1,[],"Terminal alkynes are typically used in Sonogashira reactions, and phenylacetylene is our available compound."
40,1,B1,"['B2', 'B3', 'B4']","We can use different halides for optimization purposes, similar to the Suzuki reaction."
40,2,C1,['C2'],We can use different palladium catalysts for optimization purposes.
40,3,D1,['D2'],"We will use triethylamine as our base, but could also use DBU for optimization purposes."
41,0,A1,[],Phenylacetylene is the only suitable terminal alkyne we have
41,1,B1,"['B2', 'B3']",Iodobenzene is chosen for its reactivity. Bromobenzene and chlorobenzene are less reactive but should also work in this reaction.
41,2,C1,['C2'],"Traditional catalyst Pd(PPh3)2Cl2 is chosen, with PEPPSI-IPr being an interesting alternative to test."
41,3,D2,['D1'],"DBU is chosen for its strength, while triethylamine is a milder option."
42,0,A1,[],Only reagent that can undergo a Sonogashira reaction
42,1,B1,"['B2', 'B4', 'B3']",High reactivity in Sonogashira reactions
42,2,C1,['C2'],Commonly used Pd catalyst for Sonogashira reactions
42,3,D1,['D2'],Available base
43,0,A1,"['A2', 'B1', 'B2', 'B3']",Phenylacetylene provides the necessary acetylene functionality for this reaction.
43,1,B1,"['B2', 'B3', 'B4']",Iodobenzene was selected among other halides due to its reactivity in Sonogashira coupling.
43,2,C2,['C1'],PEPPSI-IPr is used as the Palladium catalyst due to its efficiency
43,3,D2,['D1'],DBU was chosen as it's a stronger base and can effectively deprotonate acetylene.
44,0,A1,[],"Phenylacetylene is a terminal alkyne, an essential component of Sonogashira reactions"
44,1,B1,"['B2', 'B4']","Iodobenzene, being an aryl halide, will couple with the terminal alkyne through the Sonogashira reaction"
44,2,C1,[],Palladium catalysts are a key part of Sonogashira reactions
44,3,D1,['D2'],"A base is needed to stimulate the reaction, and triethylamine can serve this purpose"
45,0,B1,[],Iodobenzene is selected as it is an aryl halide required for the Sonogashira reaction.
45,1,A1,[],Phenylacetylene is selected as it is a terminal alkyne required for the Sonogashira reaction.
45,2,C1,[],Pd(PPh3)2Cl2 is selected as it is a palladium catalyst required for the Sonogashira reaction.
45,3,D1,[],Triethylamine is selected as it will act as the base in the Sonogashira reaction.
46,0,A1,[],The terminal alkyne reagent for Sonogashira reaction would be phenylacetylene. It is available in the stock.
46,1,B1,"['B2', 'B3', 'B4']","One of the reactants in a Sonogashira reaction would typically be a halide. Iodobenzene has been chosen here as it is available in the stock. Bromobenzene, chlorobenzene, and p-nitroiodobenzene would also work in this reaction."
46,2,C1,['C2'],Pd(PPh3)2Cl2 is a common catalyst for the Sonogashira reaction. PEPPSI-IPr could potentially also work as the palladium source
47,0,A1,[],phenylacetylene is the only alkyne available
47,1,B1,"['B2', 'B3', 'B4']",iodobenzene is the most reactive halide available
47,2,D1,['D2'],"both are bases, but triethylamine is more conventional in Sonogashira reactions"
47,3,C1,['C2'],"Pd(PPh3)2Cl2 is commonly used as the catalyst, but lack of a copper co-catalyst could potentially affect the yield"
48,0,B1,"['B2', 'B3', 'B4']",Iodobenzene is typically used in Sonogashira reactions due to its reactivity.
48,1,A1,[],Phenylacetylene is a required substrate for Sonogashira reactions.
48,2,C1,['C2'],"Pd(PPh3)2Cl2 is the traditional catalyst for Sonogashira reactions, but PEPPSI-IPr can also work."
48,3,D1,['D2'],"Triethylamine is the common base used, but DBU can be substituted."
49,0,A1,[],Phenylacetylene is the commonly used terminal alkyne in the Sonogashira reaction
49,1,B1,"['B2', 'B4']","Iodobenzene, Bromobenzene, and p-Nitroiodobenzene are all suitable aryl halides"
49,2,D1,['D2'],"Triethylamine selected as the base for the reaction, with DBU as another option"
49,3,C1,['C2'],Pd(PPh3)2Cl2 selected as the catalyst because it contains palladium and is commonly used in Sonogashira reactions
50,0,A1,[],Only alkyne reagent available
50,1,B1,['B2'],More reactive aryl halide
50,2,C1,['C2'],More common palladium catalytic species
50,3,D2,['D1'],Offers stronger basic conditions
51,0,A1,[],This compound is being used as the alkyne component in the Sonogashira reaction.
51,1,B1,[],This compound is being used as the aryl halide component in the Sonogashira reaction.
51,2,C2,[],This NHC-Pd complex is used as the palladium catalyst for the Sonogashira reaction.
51,3,D1,[],This compound is used as the base in the Sonogashira reaction.
51,4,E1,[],This is the solvent for the reaction.
52,0,A1,[],Required for Sonogashira reaction
52,1,B2,"['B3', 'B1']",Preferred organohalide due to reasonable activity level and safety factor
52,2,C1,['C2'],Commonly used as it's catalyst in the reaction
52,3,D1,['D2'],Will be utilized in this reaction as our base
53,0,A1,[],Phenylacetylene is a typical substrate used in Sonogashira reactions.
53,1,B1,"['B2', 'B3', 'B4']",Iodobenzene is a typical substrate used in Sonogashira reactions.
53,2,C1,[],Pd(PPh3)2Cl2 is a commonly used catalyst in Sonogashira reactions.
53,3,D1,[''],Triethylamine is a commonly used base in Sonogashira reactions.
53,4,E1,[],DMF is a commonly used solvent in Sonogashira reactions.
54,0,B1,"['B2', 'B3', 'B4']",Iodobenzene was selected due to its higher reactivity compared to other halides.
54,1,A1,[],Phenylacetylene is the only alkyne available.
54,2,C2,['C1'],PEPPSI-IPr was selected as it is a compelling choice for various coupling reactions.
54,3,D2,['D1'],DBU was selected as it is a stronger base which could facilitate the deprotonation of the alkyne.
55,0,A1,[],Phenylacetylene is the only terminal alkyne available.
55,1,B4,"['B2', 'B3']","Given the reagents available, p-nitroiodobenzene can be used as iodine is the leaving group. Other options, bromobenzene and chlorobenzene might also react, albeit less efficiently."
55,2,C1,['C2'],"Pd(PPh3)2Cl2 can be used as a catalyst in the reaction. Alternatively, PEPPSI-IPr (in well C2) can serve as a catalyst."
55,3,D1,['D2'],"Triethylamine is commonly used in Sonogashira reactions. Additionally, DBU (in well D2) could serve as an alternative base."
56,0,B1,"['B2', 'B3', 'B4']",Iodobenzene is more reactive in comparison to others because of the oxidation potentials.
56,1,A1,[],Phenylacetylene is needed for Sonogashira coupling to provide the acetylene group to the product.
56,2,D2,['D1'],DBU is a stronger base and less likely to interfere with the copper species.
56,3,C1,['C2'],This is a commonly used catalyst for Sonogashira reactions.
